{
  "date": "2021-08-07T14:08:54.150Z",
  "title": "Como Saber o Tamanho do Anel - VEJA o Passo a Passo | Joalheria Veiga",
  "meta_title": "Como Saber o Tamanho do Anel - VEJA o Passo a Passo | Joalheria Veiga",
  "meta_description": "Descubra aqui como saber o tamanho do seu anel, nós explicamos o passo a passo para você descobrir em casa.",
  "sections": [
    {
      "type": "blog-post",
      "enabled": true
    },
    {
      "type": "page-title"
    }
  ],
  "body": "# Veja o vídeo logo abaixo onde te ensino o passo a passo de como descobrir o tamanho do seu anel, na sua casa.\n\n\n\n**Clique no link abaixo e veja o vídeo completo:**\n\n<https://www.youtube.com/watch?v=yoyYgDN7e-0>\n\n![TABELA DE MEDIDA](/img/uploads/como-descobrir-tamanho-anel-tabela-de-medida.jpeg \"COMO DESCOBRIR O TAMANHO DO ANEL\")"
}