{
  "date": "",
  "title": "O que nossos clientes dizem sobre nós",
  "description": "",
  "body": "### *Veja alguns depoimentos:*\n\n![](/img/uploads/avaliacao-rosa-1-.jpg)\n\n![](/img/uploads/avaliacao-anel-ouroo-1-.jpg)\n\n![](/img/uploads/avaliacao-cristiane-1-.jpg)\n\n![](/img/uploads/avaliacao-maria-1-.jpg)\n\n![](/img/uploads/avaliacao-marlei-2.jpg)\n\n![](/img/uploads/avaliacao1.jpg)\n\n![](/img/uploads/avaliacao-marlei.jpg)\n\n\n\n![](/img/uploads/avaliacao2.jpg)\n\n\n\n![](/img/uploads/avaliacao3.jpg)\n\n\n\n![](/img/uploads/avaliacao4.jpg)\n\n\n\n![](/img/uploads/avaliacao6.jpg)\n\n#### E﻿SSAS SÃO APENAS ALGUMAS AVALIAÇÕES DE NOSSOS CLIENTES, PARA VER MAIS AVALIAÇÕES ACESSE O NOSSO INSTAGRAM:\n\n> <!-- SnapWidget -->\n>\n> <script src=\"https://snapwidget.com/js/snapwidget.js\"></script>\n>\n> <iframe src=\"https://snapwidget.com/embed/1030444\" class=\"snapwidget-widget\" allowtransparency=\"true\" frameborder=\"0\" scrolling=\"no\" style=\"border:none; overflow:hidden;  width:100%; \"></iframe>",
  "sections": [
    {
      "type": "blog-post",
      "enabled": true
    }
  ]
}