{
  "assetsByChunkName": {
    "vendors~app-account~app-confirmation~app-order": "chunk.f7cc04d69cd0fb8d7931.js",
    "vendors~app-account~app-checkout": "chunk.5de93c2f34bd1f18dfd1.js",
    "vendors~app-cart~app-checkout": "chunk.55e88b45ceebe18b9f85.js",
    "admin": [
      "admin.5f83742d4665cb6f8c95.js",
      "admin.5f83742d4665cb6f8c95.js.map"
    ],
    "app-account": "chunk.4a12130ccb3c4f1a17e6.js",
    "app-checkout": "chunk.a86b20c7160480692a07.js",
    "app-confirmation": "chunk.1610936d24d662919386.js",
    "checkout": [
      "checkout.2c49080b7bcbefd22ccb.js",
      "checkout.2c49080b7bcbefd22ccb.js.map"
    ],
    "storefront": [
      "storefront.1f67b51af496ec91e2eb.css",
      "storefront.c44c651b9e0191501e8f.js",
      "storefront.1f67b51af496ec91e2eb.css.map",
      "storefront.c44c651b9e0191501e8f.js.map"
    ],
    "vendors~app-cart": "chunk.6f605dd50284bd6cdf20.js",
    "vendors~app-order": "chunk.50cb435ce10a60b668e6.js"
  }
}