{
  "marketing_stripe": {
    "text": "Joias únicas, para momentos inesquecíveis!",
    "link": "https://www.joalheriaveiga.com.br/ver-todas-joias-joalheria-veiga",
    "background": "#001666",
    "color": "#b68814"
  },
  "contacts_stripe": {
    "pages": [],
    "phone_wpp": false,
    "socials": false
  },
  "categories_list": {
    "featured": [
      "/aneis?Aneis",
      "/colecao-personalizados?Coleção Personalizados",
      "/colares?Colares",
      "/aneis-solitarios?Anéis Solitários",
      "/aneis-de-terco?Anéis de Terço"
    ],
    "random": 0,
    "full_width": true
  },
  "search_input": true,
  "desktop_megamenu": true,
  "alphabetical_order_submenu": true,
  "full_width_submenu": true
}