{
  "meta_title": "Joalheria Veiga | Joias em Prata e Ouro 18k Legitimos",
  "meta_description": "Bem-vindo à Joalheria Veiga! Fundada em 2017 pelo ourives Clayton Veiga, que possui mais de 15 anos de experiencia e produção de joias.  Somos uma empresa familiar com mais de 6 anos de história no mercado online de joias de alta qualidade. Nosso objetivo é oferecer aos nossos clientes uma experiência de compra única, que valorize a beleza, a qualidade e a durabilidade das joias.  Para isso, trabalhamos apenas com materias de altissima qualidade, como o ouro e prata legitimos. Em nossa loja, você encontrará uma grande variedade de joias em ouro 18k e prata. Além disso, oferecemos serviços de conserto, ajuste e limpeza de joias, realizados por ourives altamente capacitados.  Na Joalheria Veiga, temos um atendimento personalizado e especializado, com profissionais altamente capacitado e que estão sempre prontos para ajudá-lo a encontrar o produto perfeito para você ou para presentear alguém especial.",
  "sections": [
    {
      "type": "banner-slider",
      "autoplay": 9000,
      "slides": [
        {
          "start": "2023-04-10T13:05:13.522Z",
          "end": "",
          "img": "/img/uploads/aneisdetercoprataeouro.png",
          "link": "https://www.joalheriaveiga.com.br/aneis-de-terco",
          "alt": "anel terço",
          "mobile_img": ""
        },
        {
          "start": "2023-04-10T13:05:52.618Z",
          "end": "",
          "img": "/img/uploads/white-simple-photocentric-jewelry-promo-banner-landscape-1-.jpg",
          "alt": "COLAR LETRA ",
          "mobile_img": "",
          "link": "https://www.joalheriaveiga.com.br/ver-todas-joias-joalheria-veiga"
        },
        {
          "start": "2023-04-10T13:07:55.602Z",
          "end": "",
          "img": "/img/uploads/anel-formatura.jpg",
          "link": "https://www.joalheriaveiga.com.br/anel-de-formatura-psicologia-safira-azul-em-ouro-18k-750",
          "alt": "ANEL SAFIRA AZUL OURO 18K 750",
          "mobile_img": ""
        }
      ],
      "full_width": true
    },
    {
      "type": "collection-shelf",
      "shuffle": true,
      "limit": 3,
      "page": 1,
      "collection_id": null,
      "sort": "sales",
      "title": "",
      "link": ""
    },
    {
      "type": "banners-grid",
      "banners": [
        {
          "img": "/img/uploads/3-2-.png",
          "alt": "Pingentes Personalizado",
          "link": "https://www.joalheriaveiga.com.br/ver-todas-joias-joalheria-veiga"
        },
        {
          "img": "/img/uploads/aneisdetercoprataeouro.png",
          "link": "https://www.joalheriaveiga.com.br/aneis-de-terco",
          "alt": "Anel Terco Prata e Ouro"
        }
      ]
    },
    {
      "type": "collection-shelf",
      "shuffle": true,
      "limit": 2,
      "page": 1,
      "title": "",
      "link": "",
      "sort": "news",
      "collection_id": null
    },
    {
      "type": "collection-shelf",
      "shuffle": true,
      "limit": 3,
      "page": 1,
      "sort": "sales",
      "title": "",
      "collection_id": null,
      "link": ""
    },
    {
      "type": "page-title",
      "title": "Joalheria Veiga - Joias Legitimas em Prata 925/950 e Ouro 18k 750",
      "description": "Bem-vindo à Joalheria Veiga! Fundada em 2017 pelo ourives Clayton Veiga, que possui mais de 15 anos de experiencia e produção de joias.  Somos uma empresa familiar com mais de 6 anos de história no mercado online de joias de alta qualidade. Nosso objetivo é oferecer aos nossos clientes uma experiência de compra única, que valorize a beleza, a qualidade e a durabilidade das joias.  Para isso, trabalhamos apenas com materias de altissima qualidade, como o ouro e prata legitimos. Em nossa loja, você encontrará uma grande variedade de joias em ouro 18k e prata. Além disso, oferecemos serviços de conserto, ajuste e limpeza de joias, realizados por ourives altamente capacitados.  Na Joalheria Veiga, temos um atendimento personalizado e especializado, com profissionais altamente capacitado e que estão sempre prontos para ajudá-lo a encontrar o produto perfeito para você ou para presentear alguém especial."
    }
  ]
}