{
  "sections": [
    {
      "type": "breadcrumbs",
      "enabled": true
    },
    {
      "type": "offers-timer",
      "max_hours": 120,
      "start": "2025-10-02T13:26:17.139Z",
      "end": "2025-10-06T13:26:17.157Z",
      "notes": "O preço vai SUBIR, aproveite e faça seu pedido agora!",
      "offers": []
    },
    {
      "type": "product-block",
      "enabled": true
    },
    {
      "type": "product-description",
      "enabled": true
    },
    {
      "type": "product-specifications",
      "enabled": true
    },
    {
      "type": "banner-slider",
      "autoplay": 0,
      "full_width": true,
      "slides": [
        {
          "start": "2023-04-11T10:06:04.516Z",
          "end": "",
          "img": "/img/uploads/o-que-dizem-sobre-nos-1-.jpg",
          "link": "https://www.joalheriaveiga.com.br/posts/depoimentos",
          "alt": "DEPOIMENTOS"
        }
      ]
    },
    {
      "type": "recommended-products",
      "title": "Quem comprou este produto, também comprou:"
    },
    {
      "type": "related-products",
      "title": "Produtos relacionados"
    },
    {
      "type": "page-title"
    }
  ]
}